<!DOCTYPE html>
<html>
	<head>

		<link rel="stylesheet" href="https://maxcdn.bootstrapcdn.com/bootstrap/4.5.2/css/bootstrap.min.css">


		<style type="text/css">

			table { page-break-inside:auto }
		    tr    { page-break-inside:avoid; page-break-after:auto }
		    thead { display:table-header-group }
		    tfoot { display:table-footer-group }

			.jumbotron{
				margin-bottom: 0px;
				padding-bottom: 50px;
				background-image: url("[INSERT BANNER]");
  				background-size: cover;
  				text-align: center;
  				color: #fff;
			}

			.title{
				padding-bottom: 25px;
				text-shadow: -1px -1px 0 #000, 1px -1px 0 #000, -1px 1px 0 #000, 1px 1px 0 #000;
			}

			.group_logo{
				border-radius: 8px;
			}

			.card{
				margin-bottom: 15px;
				width: 100%;
				page-break-inside:avoid;
				page-break-after:auto;
			}

			.card-header{
				font-weight: bold;
				text-align: center;
				padding-left: 5px;
				padding-right: 5px;
			}
			
			.card-body{
				padding-top: 5px;
				padding-bottom: 5px;
				padding-left: 5px;
				padding-right: 5px;
			}

			.count{
				padding-left: 20px;
				text-align: center;
			}
			
			.entry_table{
				width: 100%;
				margin-top: -6px;
				margin-bottom: -5px;
			}

			.no_space{
				padding: 0px;
				margin: 0px;
				margin-bottom: 10px;
			}

		</style>

	</head>

	<body>
	
		<div id="header">

			<div class="jumbotron jumbotron-fluid">
				<h2 class="title">[INSERT TITLE]</h2>
				<img class="group_logo" src="[INSERT LOGO]">
			</div>

			<div class="container-fluid bg-secondary" style=" width:100%; margin-top:0px; padding-top:10px; display: inline-block">
				<div class="col-8" style="float: left; margin-left: 0px; padding-left:0px">
					<p style="color:white">Number of Active Users: [INSERT NUM USERS] <br> Active User Percentage: [INSERT PERCENT ACTIVE]</p>
				</div>
				<div class="col-4" style="float: left;">
					<p style="color:white">Report Date: [INSERT CURRENT DATE]<br> Prev. Report Date: [INSERT PREVIOUS DATE]</p>
				</div>
			</div>
			
		</div>


		<div id="body" class="container-fluid" style="margin-right: 5px">

			<div id="first_row" class="no_space">
				<div class="col-6 no_space" style="float: left; padding-right: 10px;">
					<div class="card no_space">
						<div class="card-header">Business Stages</div>
							<div class="card-body table-responsive">
								<table id="stages" class="entry_table">
									[INSERT STAGE ENTRIES]
								</table>
							</div>
					</div>
				</div>
				
				<div class="col-6 no_space" style="float: left; padding-left: 10px;">
					<div class="card no_space">
						<div class="card-header">Member Type</div>
							<div class="card-body table-responsive">
								<table id="stages" class="entry_table">
									[INSERT MEMBER TYPE ENTRIES]
								</table>
							</div>
					</div>
				</div>
			</div>

			<div id="third_row no_space" style="display: inline;">
				<div class="col-12 no_space" style="float: left">
					<div class="card no_space">
						<div class="card-header">Interested Resources</div>
						<div class="card-body table-responsive">
							<div class="col-6" style="float:left; padding-right: 10px; border-right: 1px solid #000;">
								<table id="member_type" class="entry_table">
									[INSERT INTEREST 1 ENTRIES]
								</table>
							</div>
							<div class="col-6" style="float:left; padding-left: 10px;">
								<table id="member_type" class="entry_table">
									[INSERT INTEREST 2 ENTRIES]
								</table>
							</div>
						</div>
					</div>
				</div>
			</div>

			<div id="fourth_row no_space" style="display: inline;">
				<div class="col-12 no_space" style="float: left">
					<div class="card no_space">
						<div class="card-header">Listed Expertises</div>
						<div class="card-body table-responsive">
							<div class="col-6" style="float:left; padding-right: 10px; border-right: 1px solid #000;">
								<table id="member_type" class="entry_table">
									[INSERT EXPERTISE 1 ENTRIES]
								</table>
							</div>
							<div class="col-6" style="float:left; padding-left: 10px;">
								<table id="member_type" class="entry_table">
									[INSERT EXPERTISE 2 ENTRIES]
								</table>
							</div>
						</div>
					</div>
				</div>
			</div>

			<div id="fifth_row no_space" style="display: inline;">
				<div class="col-12 no_space" style="float: left">
					<div class="card no_space">
						<div class="card-header">Listed Industries</div>
						<div class="card-body table-responsive">
							<div class="col-6" style="float:left; padding-right: 10px; border-right: 1px solid #000;">
								<table id="member_type" class="entry_table">
									[INSERT INDUSTRY 1 ENTRIES]
								</table>
							</div>
							<div class="col-6" style="float:left; padding-left: 10px;">
								<table id="member_type" class="entry_table">
									[INSERT INDUSTRY 2 ENTRIES]
								</table>
							</div>
						</div>
					</div>
				</div>
			</div>
			
			<div id="second_row no_space" style="display: inline;">
				<div class="col-12 no_space" style="float: left">
					<div class="card no_space">
						<div class="card-header">Listed Locations</div>
						<div class="card-body table-responsive">
							<div class="col-3" style="float:left; padding-left: 10px;">
								<table id="member_type" class="entry_table">
									[INSERT LOCATION 1 ENTRIES]
								</table>
							</div>
							<div class="col-3" style="float:left; padding-right: 10px; border-right: 1px solid #000; border-left: 1px solid #000;">
								<table id="member_type" class="entry_table">
									[INSERT LOCATION 2 ENTRIES]
								</table>
							</div>
							<div class="col-3" style="float:left; padding-left: 10px; border-right: 1px solid #000;">
								<table id="member_type" class="entry_table">
									[INSERT LOCATION 3 ENTRIES]
								</table>
							</div>
							<div class="col-3" style="float:left; padding-left: 10px;">
								<table id="member_type" class="entry_table">
									[INSERT LOCATION 4 ENTRIES]
								</table>
							</div>
						</div>
					</div>
				</div>
			</div>

		</div>

	</body>

</html>